id;file_name;ref_id;file_url;created_by;created_date;last_modified_by;last_modified_date
1;Generic Metal Pizza;protocol;migration Awesome;application Senior Sports;2021-01-11T11:25:25;1080p;2021-01-12T06:06:31
2;Louisiana Antarctica (the territory South of 60 deg S) hybrid;Division;Functionality RAM;Shoes Uganda Shilling collaborative;2021-01-11T21:17:41;Cloned quantifying;2021-01-12T02:41:45
3;compressing;Mountains Cheese Pennsylvania;Bedfordshire Ergonomic;Cambridgeshire Music SDD;2021-01-11T13:37:03;evolve reboot;2021-01-12T00:44:08
4;Reactive Shoes;brand Bedfordshire;indexing invoice system;primary hacking architectures;2021-01-11T17:50:22;Kina Eritrea;2021-01-11T19:47:37
5;Kids Pants transmitting;Liberian Dollar synthesize;Refined;Bedfordshire Global;2021-01-11T17:24:33;Gorgeous Costa Rica;2021-01-12T01:32:29
6;Officer Spring;networks Taiwan;Tenge;Corporate;2021-01-12T09:31:30;Bedfordshire;2021-01-11T19:05:34
7;Grove Frozen;Russian Federation;synthesize partnerships Movies;Fresh Gorgeous Concrete Keyboard;2021-01-11T21:10:25;Applications;2021-01-11T15:35:07
8;deposit;payment Concrete Developer;end-to-end Gorgeous Rubber Chair THX;Secured Applications Advanced;2021-01-12T09:05:53;Rubber;2021-01-11T14:12:51
9;invoice 24 hour North Korean Won;copying SQL District;Dynamic;Refined Kwanza input;2021-01-11T19:07:18;Wooden optimize;2021-01-11T16:07:34
10;firmware lime Borders;Savings Account;Principal online Books;Gorgeous;2021-01-11T20:58:05;generate Pennsylvania;2021-01-12T00:36:34
